K_Mz,Mz_dist,brake_energy,e0,e_final,e_peak,e_reduction,max_Mz,max_cmd,mu_mode,mz_flips,note,sat_fraction,settle_s,sign,steer,surface,util_peak,vx0
10000.0,-1500.0,0.36029533751259035,0.030106085381911438,0.06281839382801924,0.12078085665674104,-0.0327123084461078,1207.8085665674105,0.28757346823033586,nominal,0,,0.0,,-1.0,0.06,nominal,0.8734305962254842,15.0
10000.0,1500.0,0.1754145447568351,0.598074705654571,0.5347198099690094,0.7877868759195881,0.06335489568556163,1145.7217764021107,0.2727908991433597,nominal,0,,0.0,,1.0,0.06,nominal,0.9910675163299895,15.0
10000.0,-3000.0,0.01741325314540178,0.1559101847342613,0.11705086216805244,0.1724923434542563,0.03885932256620886,344.3213700733343,0.08198127858888912,nominal,0,,0.0,0.18,-1.0,0.06,nominal,0.9819622392569052,15.0
10000.0,3000.0,0.008243046593695895,0.6192540085188092,1.7543657687677479,0.9550615872275864,-1.1351117602489387,121.19421268378497,0.02885576492471071,nominal,0,,0.0,,1.0,0.06,nominal,0.996542010917344,15.0
10000.0,-5000.0,0.01741325314540178,0.1559101847342613,0.11705086216805244,0.1724923434542563,0.03885932256620886,344.3213700733343,0.08198127858888912,nominal,0,,0.0,0.18,-1.0,0.06,nominal,0.9819622392569052,15.0
10000.0,5000.0,0.008243046593695895,0.6192540085188092,1.7543657687677479,0.9550615872275864,-1.1351117602489387,121.19421268378497,0.02885576492471071,nominal,0,,0.0,,1.0,0.06,nominal,0.996542010917344,15.0
10000.0,-7000.0,0.01741325314540178,0.1559101847342613,0.11705086216805244,0.1724923434542563,0.03885932256620886,344.3213700733343,0.08198127858888912,nominal,0,,0.0,0.18,-1.0,0.06,nominal,0.9819622392569052,15.0
10000.0,7000.0,0.008243046593695895,0.6192540085188092,1.7543657687677479,0.9550615872275864,-1.1351117602489387,121.19421268378497,0.02885576492471071,nominal,0,,0.0,,1.0,0.06,nominal,0.996542010917344,15.0
10000.0,-1500.0,0.6612440122429738,0.0025241163223577584,0.10722456251415366,0.1275007476735102,-0.1047004461917959,1275.0074767351018,0.3035732087464528,nominal,0,,0.0,,-1.0,0.06,nominal,0.8595017049786029,25.0
10000.0,1500.0,0.0,1.0018226412862903,1.801885161426476,1.3065333585394827,-0.8000625201401856,0.0,0.0,nominal,0,,0.0,,1.0,0.06,nominal,0.99699496413082,25.0
10000.0,-3000.0,0.5605968305736106,0.21000430533454856,0.1038881799946541,0.24834693600376873,0.10611612533989445,1261.9594117042354,0.30046652659624656,nominal,0,,0.0,,-1.0,0.06,nominal,0.9800564079188426,25.0
10000.0,3000.0,0.0,0.9492083380560775,1.8439689621173279,1.3287828329404618,-0.8947606240612503,0.0,0.0,nominal,0,,0.0,,1.0,0.06,nominal,0.9970138177999275,25.0
10000.0,-5000.0,0.5605968305736106,0.21000430533454856,0.1038881799946541,0.24834693600376873,0.10611612533989445,1261.9594117042354,0.30046652659624656,nominal,0,,0.0,,-1.0,0.06,nominal,0.9800564079188426,25.0
10000.0,5000.0,0.0,0.9492083380560775,1.8439689621173279,1.3287828329404618,-0.8947606240612503,0.0,0.0,nominal,0,,0.0,,1.0,0.06,nominal,0.9970138177999275,25.0
10000.0,-7000.0,0.5605968305736106,0.21000430533454856,0.1038881799946541,0.24834693600376873,0.10611612533989445,1261.9594117042354,0.30046652659624656,nominal,0,,0.0,,-1.0,0.06,nominal,0.9800564079188426,25.0
10000.0,7000.0,0.0,0.9492083380560775,1.8439689621173279,1.3287828329404618,-0.8947606240612503,0.0,0.0,nominal,0,,0.0,,1.0,0.06,nominal,0.9970138177999275,25.0
10000.0,-1500.0,0.5714197980360157,0.13871509688739703,0.11584572380723657,0.14077734020657356,0.02286937308016046,1161.663839330729,0.2765866284120783,nominal,0,,0.0,,-1.0,0.06,nominal,0.9358764402796351,35.0
10000.0,1500.0,0.0,1.1716314883834509,1.9914309252336098,1.488038013177065,-0.8197994368501589,0.0,0.0,nominal,0,,0.0,,1.0,0.06,nominal,0.9971975346820103,35.0
10000.0,-3000.0,0.6412430442369479,0.07352830324150644,0.11519813254579467,0.2670508266773439,-0.041669829304288225,1357.9658198206935,0.32332519519540326,nominal,0,,0.0,,-1.0,0.06,nominal,0.9842419196697494,35.0
10000.0,3000.0,0.0,1.1208355500791063,1.997720500307181,1.4927586610682553,-0.8768849502280747,0.0,0.0,nominal,0,,0.0,,1.0,0.06,nominal,0.9972015338022564,35.0
10000.0,-5000.0,0.6412430442369479,0.07352830324150644,0.11519813254579467,0.2670508266773439,-0.041669829304288225,1357.9658198206935,0.32332519519540326,nominal,0,,0.0,,-1.0,0.06,nominal,0.9842419196697494,35.0
10000.0,5000.0,0.0,1.1208355500791063,1.997720500307181,1.4927586610682553,-0.8768849502280747,0.0,0.0,nominal,0,,0.0,,1.0,0.06,nominal,0.9972015338022564,35.0
10000.0,-7000.0,0.6412430442369479,0.07352830324150644,0.11519813254579467,0.2670508266773439,-0.041669829304288225,1357.9658198206935,0.32332519519540326,nominal,0,,0.0,,-1.0,0.06,nominal,0.9842419196697494,35.0
10000.0,7000.0,0.0,1.1208355500791063,1.997720500307181,1.4927586610682553,-0.8768849502280747,0.0,0.0,nominal,0,,0.0,,1.0,0.06,nominal,0.9972015338022564,35.0
11000.0,-1500.0,0.35991232726278927,0.030106085381911438,0.07863138942830047,0.12078085665674104,-0.04852530404638904,1328.5894232241515,0.3163308150533694,nominal,0,,0.0,,-1.0,0.06,nominal,0.8734305962254842,15.0
11000.0,1500.0,0.17826838552438368,0.598074705654571,0.5608546601504393,0.786019363607258,0.037220045504131716,1171.267419846647,0.27887319520158266,nominal,0,,0.0,,1.0,0.06,nominal,0.9912149019683842,15.0
11000.0,-3000.0,0.01820106910005237,0.1559101847342613,0.11641731807988345,0.17216011076049098,0.039492866654377845,351.7339471586488,0.0837461778949164,nominal,0,,0.0,0.18,-1.0,0.06,nominal,0.9819622392569052,15.0
11000.0,3000.0,0.009008972405905891,0.6192540085188092,1.7538186531664794,0.9545038518969052,-1.1345646446476703,133.07335166862427,0.03168413134967245,nominal,0,,0.0,,1.0,0.06,nominal,0.9965392987158896,15.0
11000.0,-5000.0,0.01820106910005237,0.1559101847342613,0.11641731807988345,0.17216011076049098,0.039492866654377845,351.7339471586488,0.0837461778949164,nominal,0,,0.0,0.18,-1.0,0.06,nominal,0.9819622392569052,15.0
11000.0,5000.0,0.009008972405905891,0.6192540085188092,1.7538186531664794,0.9545038518969052,-1.1345646446476703,133.07335166862427,0.03168413134967245,nominal,0,,0.0,,1.0,0.06,nominal,0.9965392987158896,15.0
11000.0,-7000.0,0.01820106910005237,0.1559101847342613,0.11641731807988345,0.17216011076049098,0.039492866654377845,351.7339471586488,0.0837461778949164,nominal,0,,0.0,0.18,-1.0,0.06,nominal,0.9819622392569052,15.0
11000.0,7000.0,0.009008972405905891,0.6192540085188092,1.7538186531664794,0.9545038518969052,-1.1345646446476703,133.07335166862427,0.03168413134967245,nominal,0,,0.0,,1.0,0.06,nominal,0.9965392987158896,15.0
11000.0,-1500.0,0.6831473347616291,0.0025241163223577584,0.10047215077957339,0.1275007476735102,-0.09794803445721563,1402.508224408612,0.33393052962109815,nominal,0,,0.0,,-1.0,0.06,nominal,0.8595017049786029,25.0
11000.0,1500.0,0.0,1.0018226412862903,1.801885161426476,1.3065333585394827,-0.8000625201401856,0.0,0.0,nominal,0,,0.0,,1.0,0.06,nominal,0.99699496413082,25.0
11000.0,-3000.0,0.5791432676354235,0.21000430533454856,0.09735441252137758,0.24784434051772725,0.11264989281317098,1389.4002957316864,0.3308095942218301,nominal,0,,0.0,,-1.0,0.06,nominal,0.9800564079188426,25.0
11000.0,3000.0,0.0,0.9492083380560775,1.8439689621173279,1.3287828329404618,-0.8947606240612503,0.0,0.0,nominal,0,,0.0,,1.0,0.06,nominal,0.9970138177999275,25.0
11000.0,-5000.0,0.5791432676354235,0.21000430533454856,0.09735441252137758,0.24784434051772725,0.11264989281317098,1389.4002957316864,0.3308095942218301,nominal,0,,0.0,,-1.0,0.06,nominal,0.9800564079188426,25.0
11000.0,5000.0,0.0,0.9492083380560775,1.8439689621173279,1.3287828329404618,-0.8947606240612503,0.0,0.0,nominal,0,,0.0,,1.0,0.06,nominal,0.9970138177999275,25.0
11000.0,-7000.0,0.5791432676354235,0.21000430533454856,0.09735441252137758,0.24784434051772725,0.11264989281317098,1389.4002957316864,0.3308095942218301,nominal,0,,0.0,,-1.0,0.06,nominal,0.9800564079188426,25.0
11000.0,7000.0,0.0,0.9492083380560775,1.8439689621173279,1.3287828329404618,-0.8947606240612503,0.0,0.0,nominal,0,,0.0,,1.0,0.06,nominal,0.9970138177999275,25.0
11000.0,-1500.0,0.5927451535574938,0.13871509688739703,0.10917950263246268,0.13892080055175585,0.02953559425493435,1204.8958360166735,0.2868799609563508,nominal,0,,0.0,,-1.0,0.06,nominal,0.9358764402796351,35.0
11000.0,1500.0,0.0,1.1716314883834509,1.9914309252336098,1.488038013177065,-0.8197994368501589,0.0,0.0,nominal,0,,0.0,,1.0,0.06,nominal,0.9971975346820103,35.0
11000.0,-3000.0,0.6613383750835021,0.07352830324150644,0.10833703483470367,0.2642066501941115,-0.03480873159319722,1457.4479022282246,0.34701140529243446,nominal,0,,0.0,,-1.0,0.06,nominal,0.9842419196697494,35.0
11000.0,3000.0,0.0,1.1208355500791063,1.997720500307181,1.4927586610682553,-0.8768849502280747,0.0,0.0,nominal,0,,0.0,,1.0,0.06,nominal,0.9972015338022564,35.0
11000.0,-5000.0,0.6613383750835021,0.07352830324150644,0.10833703483470367,0.2642066501941115,-0.03480873159319722,1457.4479022282246,0.34701140529243446,nominal,0,,0.0,,-1.0,0.06,nominal,0.9842419196697494,35.0
11000.0,5000.0,0.0,1.1208355500791063,1.997720500307181,1.4927586610682553,-0.8768849502280747,0.0,0.0,nominal,0,,0.0,,1.0,0.06,nominal,0.9972015338022564,35.0
11000.0,-7000.0,0.6613383750835021,0.07352830324150644,0.10833703483470367,0.2642066501941115,-0.03480873159319722,1457.4479022282246,0.34701140529243446,nominal,0,,0.0,,-1.0,0.06,nominal,0.9842419196697494,35.0
11000.0,7000.0,0.0,1.1208355500791063,1.997720500307181,1.4927586610682553,-0.8768849502280747,0.0,0.0,nominal,0,,0.0,,1.0,0.06,nominal,0.9972015338022564,35.0
12000.0,-1500.0,0.27625443597143967,0.030106085381911438,0.11578547406988285,0.12078085665674104,-0.08567938868797141,1449.3702798808924,0.345088161876403,nominal,0,,0.0,,-1.0,0.06,nominal,0.8734305962254842,15.0
12000.0,1500.0,0.17690982111101952,0.598074705654571,0.62547323527445,0.7856678559787377,-0.027398529619878986,1179.0284536131583,0.28072106038408534,nominal,0,,0.0,,1.0,0.06,nominal,0.9915625755370888,15.0
12000.0,-3000.0,0.017742104748825108,0.1559101847342613,0.11661876141572422,0.1717948166712203,0.03929142331853708,366.7169431391917,0.08731355789028375,nominal,0,,0.0,0.17,-1.0,0.06,nominal,0.9819622392569052,15.0
12000.0,3000.0,0.009766680842571577,0.6192540085188092,1.75321043207286,0.9539640433452073,-1.133956423554051,144.8857328838219,0.034496603067576646,nominal,0,,0.0,,1.0,0.06,nominal,0.9965367132498001,15.0
12000.0,-5000.0,0.017742104748825108,0.1559101847342613,0.11661876141572422,0.1717948166712203,0.03929142331853708,366.7169431391917,0.08731355789028375,nominal,0,,0.0,0.17,-1.0,0.06,nominal,0.9819622392569052,15.0
12000.0,5000.0,0.009766680842571577,0.6192540085188092,1.75321043207286,0.9539640433452073,-1.133956423554051,144.8857328838219,0.034496603067576646,nominal,0,,0.0,,1.0,0.06,nominal,0.9965367132498001,15.0
12000.0,-7000.0,0.017742104748825108,0.1559101847342613,0.11661876141572422,0.1717948166712203,0.03929142331853708,366.7169431391917,0.08731355789028375,nominal,0,,0.0,0.17,-1.0,0.06,nominal,0.9819622392569052,15.0
12000.0,7000.0,0.009766680842571577,0.6192540085188092,1.75321043207286,0.9539640433452073,-1.133956423554051,144.8857328838219,0.034496603067576646,nominal,0,,0.0,,1.0,0.06,nominal,0.9965367132498001,15.0
12000.0,-1500.0,0.7020804560780682,0.0025241163223577584,0.09453744008002352,0.1275007476735102,-0.09201332375766576,1530.0089720821222,0.3642878504957434,nominal,0,,0.0,,-1.0,0.06,nominal,0.8670511072069352,25.0
12000.0,1500.0,0.0,1.0018226412862903,1.801885161426476,1.3065333585394827,-0.8000625201401856,0.0,0.0,nominal,0,,0.0,,1.0,0.06,nominal,0.99699496413082,25.0
12000.0,-3000.0,0.5951827391610242,0.21000430533454856,0.09161224640285925,0.24740249988476043,0.1183920589316893,1515.3149692583688,0.36078927839484976,nominal,0,,0.0,,-1.0,0.06,nominal,0.9800564079188426,25.0
12000.0,3000.0,0.0,0.9492083380560775,1.8439689621173279,1.3287828329404618,-0.8947606240612503,0.0,0.0,nominal,0,,0.0,,1.0,0.06,nominal,0.9970138177999275,25.0
12000.0,-5000.0,0.5951827391610242,0.21000430533454856,0.09161224640285925,0.24740249988476043,0.1183920589316893,1515.3149692583688,0.36078927839484976,nominal,0,,0.0,,-1.0,0.06,nominal,0.9800564079188426,25.0
12000.0,5000.0,0.0,0.9492083380560775,1.8439689621173279,1.3287828329404618,-0.8947606240612503,0.0,0.0,nominal,0,,0.0,,1.0,0.06,nominal,0.9970138177999275,25.0
12000.0,-7000.0,0.5951827391610242,0.21000430533454856,0.09161224640285925,0.24740249988476043,0.1183920589316893,1515.3149692583688,0.36078927839484976,nominal,0,,0.0,,-1.0,0.06,nominal,0.9800564079188426,25.0
12000.0,7000.0,0.0,0.9492083380560775,1.8439689621173279,1.3287828329404618,-0.8947606240612503,0.0,0.0,nominal,0,,0.0,,1.0,0.06,nominal,0.9970138177999275,25.0
12000.0,-1500.0,0.6110788716516333,0.13871509688739703,0.1031210708030456,0.13871509688739703,0.03559402608435143,1268.0964370388747,0.301927723104494,nominal,0,,0.0,,-1.0,0.06,nominal,0.9358764402796351,35.0
12000.0,1500.0,0.0,1.1716314883834509,1.9914309252336098,1.488038013177065,-0.8197994368501589,0.0,0.0,nominal,0,,0.0,,1.0,0.06,nominal,0.9971975346820103,35.0
12000.0,-3000.0,0.6805723597337786,0.07352830324150644,0.10223126272103181,0.258805363685039,-0.028702959479525364,1593.5003364840945,0.3794048420200226,nominal,0,,0.0,,-1.0,0.06,nominal,0.9842419196697494,35.0
12000.0,3000.0,0.0,1.1208355500791063,1.997720500307181,1.4927586610682553,-0.8768849502280747,0.0,0.0,nominal,0,,0.0,,1.0,0.06,nominal,0.9972015338022564,35.0
12000.0,-5000.0,0.6805723597337786,0.07352830324150644,0.10223126272103181,0.258805363685039,-0.028702959479525364,1593.5003364840945,0.3794048420200226,nominal,0,,0.0,,-1.0,0.06,nominal,0.9842419196697494,35.0
12000.0,5000.0,0.0,1.1208355500791063,1.997720500307181,1.4927586610682553,-0.8768849502280747,0.0,0.0,nominal,0,,0.0,,1.0,0.06,nominal,0.9972015338022564,35.0
12000.0,-7000.0,0.6805723597337786,0.07352830324150644,0.10223126272103181,0.258805363685039,-0.028702959479525364,1593.5003364840945,0.3794048420200226,nominal,0,,0.0,,-1.0,0.06,nominal,0.9842419196697494,35.0
12000.0,7000.0,0.0,1.1208355500791063,1.997720500307181,1.4927586610682553,-0.8768849502280747,0.0,0.0,nominal,0,,0.0,,1.0,0.06,nominal,0.9972015338022564,35.0
10000.0,-3000.0,0.4395239306645228,0.1965957608751199,0.08250366384216191,0.21558110382714737,0.11409209703295799,1214.4605158686793,0.2891572656830189,nominal,0,steer,0.0,,-1.0,0.04,nominal,0.9811087952944771,25.0
10000.0,-3000.0,0.6059131775317208,0.15334762032593385,0.11177260713267023,0.2819899011200032,0.04157501319326362,1229.9864356585017,0.29285391325202426,nominal,0,steer,0.0,,-1.0,0.08,nominal,0.9829949115490253,25.0
10000.0,-3000.0,0.5069049371629735,0.09205610136459949,0.12684750102215936,0.25693484617132173,-0.03479139965755987,1016.7712110171027,0.2420883835755007,nominal,0,steer,0.0,,-1.0,0.12,nominal,0.9852889457510569,25.0
11000.0,-3000.0,0.45174435155657033,0.1965957608751199,0.07779770267126515,0.21488127378883937,0.11879805820385475,1377.2608544118857,0.327919251050449,nominal,0,steer,0.0,,-1.0,0.04,nominal,0.9811087952944771,25.0
11000.0,-3000.0,0.626028860989385,0.15334762032593385,0.10455029238887426,0.2807395351068167,0.0487973279370596,1339.4940170205339,0.318927146909651,nominal,0,steer,0.0,,-1.0,0.08,nominal,0.9829949115490253,25.0
11000.0,-3000.0,0.525916377187403,0.09205610136459949,0.11892612342133468,0.2527353148238678,-0.026870022056735193,1053.3108725840502,0.25078830299620253,nominal,0,steer,0.0,,-1.0,0.12,nominal,0.9852889457510569,25.0
12000.0,-3000.0,0.4705329538679576,0.1965957608751199,0.07342870058405732,0.2141730895398691,0.12316706029106259,1447.902063985378,0.34473858666318524,nominal,0,steer,0.0,,-1.0,0.04,nominal,0.9811087952944771,25.0
12000.0,-3000.0,0.6436716162965888,0.15334762032593385,0.0981876268259726,0.28045661031002894,0.05515999349996126,1474.2147684632769,0.35100351630078025,nominal,0,steer,0.0,,-1.0,0.08,nominal,0.9829949115490253,25.0
12000.0,-3000.0,0.5444441228670335,0.09205610136459949,0.11189705194451349,0.24952397905797596,-0.019840950579914002,1086.5549976988689,0.2587035708806831,nominal,0,steer,0.0,,-1.0,0.12,nominal,0.9852889457510569,25.0
10000.0,-3000.0,0.2558492545718805,0.026043059661025297,0.10647873336913485,0.11376914980746719,-0.08043567370810956,1077.7855374247843,0.2566156041487582,split,0,,0.0,,-1.0,0.06,split_lr,0.9893697088382273,25.0
10000.0,-3000.0,0.2133996105945682,0.19434001214559904,0.06672288839667898,0.19898142019624523,0.12761712374892006,823.4128388657147,0.19605067592040828,split,0,,0.0,,-1.0,0.06,split_fr,0.9877025790899607,25.0
11000.0,-3000.0,0.031602272182025215,0.026043059661025297,0.09343470284576423,0.11376914980746719,-0.06739164318473893,1269.991629824853,0.30237895948210786,split,0,,0.0,,-1.0,0.06,split_lr,0.9893697088382273,25.0
11000.0,-3000.0,0.22223189979887387,0.19434001214559904,0.06309620941488273,0.19898142019624523,0.1312438027307163,905.3863717175361,0.21556818374227052,split,0,,0.0,,-1.0,0.06,split_fr,0.9877025790899607,25.0
12000.0,-3000.0,0.03447520601675478,0.026043059661025297,0.09343470284576423,0.11376914980746719,-0.06739164318473893,1385.4454143543849,0.3298679557986631,split,0,,0.0,,-1.0,0.06,split_lr,0.9893697088382273,25.0
12000.0,-3000.0,0.0739571420318962,0.19434001214559904,0.11355523372986998,0.19898142019624523,0.08078477841572906,979.2736160609613,0.2331603847764194,split,0,,0.0,,-1.0,0.06,split_fr,0.9877025790899607,25.0
